category,filename,rel_path
other,.pdf-12,other/.pdf-12
other,10-2-2.pdf,other/10-2-2.pdf
other,10-3.pdf,other/10-3.pdf
other,11-2-2.pdf,other/11-2-2.pdf
other,11-2.pdf,other/11-2.pdf
other,12-2-2.pdf,other/12-2-2.pdf
other,12-2.pdf,other/12-2.pdf
other,13-2-2.pdf,other/13-2-2.pdf
other,13-3.pdf,other/13-3.pdf
other,14-2-2.pdf,other/14-2-2.pdf
other,14-2.pdf,other/14-2.pdf
other,15-2-2.pdf,other/15-2-2.pdf
other,15-2.pdf,other/15-2.pdf
other,16-2-2.pdf,other/16-2-2.pdf
other,16-2.pdf,other/16-2.pdf
other,17-2-2.pdf,other/17-2-2.pdf
other,17-2.pdf,other/17-2.pdf
other,18-2.pdf,other/18-2.pdf
other,2-10-2.pdf,other/2-10-2.pdf
other,2-2-2.pdf,other/2-2-2.pdf
other,2-3-2.pdf,other/2-3-2.pdf
other,2-4-2.pdf,other/2-4-2.pdf
other,2-4.pdf,other/2-4.pdf
other,2-5-2.pdf,other/2-5-2.pdf
other,2-6-2.pdf,other/2-6-2.pdf
other,2-7-2.pdf,other/2-7-2.pdf
other,2-8-2.pdf,other/2-8-2.pdf
other,2-9-2.pdf,other/2-9-2.pdf
other,3-2-2.pdf,other/3-2-2.pdf
other,3-3-2.pdf,other/3-3-2.pdf
other,3-4-2.pdf,other/3-4-2.pdf
other,3-5-2.pdf,other/3-5-2.pdf
other,3-6-2.pdf,other/3-6-2.pdf
other,3-7-2.pdf,other/3-7-2.pdf
other,3-7.pdf,other/3-7.pdf
other,3-8-2.pdf,other/3-8-2.pdf
other,3-9-2.pdf,other/3-9-2.pdf
other,4-2-2.pdf,other/4-2-2.pdf
other,4-3-2.pdf,other/4-3-2.pdf
other,4-4-2.pdf,other/4-4-2.pdf
other,4-5-2.pdf,other/4-5-2.pdf
other,4-5.pdf,other/4-5.pdf
other,4-6-2.pdf,other/4-6-2.pdf
other,5-2-2.pdf,other/5-2-2.pdf
other,5-2.pdf,other/5-2.pdf
other,5-3-2.pdf,other/5-3-2.pdf
other,5-4-2.pdf,other/5-4-2.pdf
other,5-5-2.pdf,other/5-5-2.pdf
other,6-2-2.pdf,other/6-2-2.pdf
other,6-3-2.pdf,other/6-3-2.pdf
other,6-3.pdf,other/6-3.pdf
other,6-4-2.pdf,other/6-4-2.pdf
other,7-2-2.pdf,other/7-2-2.pdf
other,7-2.pdf,other/7-2.pdf
other,7-3-2.pdf,other/7-3-2.pdf
other,8-2-2.pdf,other/8-2-2.pdf
other,8-2.pdf,other/8-2.pdf
other,9-2-2.pdf,other/9-2-2.pdf
other,9-3.pdf,other/9-3.pdf
