分类,文件名,相对路径
人工智能,7-2.pdf,人工智能/7-2.pdf
人工智能,2-4.pdf,人工智能/2-4.pdf
人工智能,2-9-2.pdf,人工智能/2-9-2.pdf
人工智能,10-3.pdf,人工智能/10-3.pdf
人工智能,13-2-2.pdf,人工智能/13-2-2.pdf
人工智能,6-3-2.pdf,人工智能/6-3-2.pdf
人工智能,4-5-2.pdf,人工智能/4-5-2.pdf
人工智能,18-2.pdf,人工智能/18-2.pdf
人工智能,2-4-2.pdf,人工智能/2-4-2.pdf
人工智能,3-6-2.pdf,人工智能/3-6-2.pdf
人工智能,4-6-2.pdf,人工智能/4-6-2.pdf
人工智能,15-2.pdf,人工智能/15-2.pdf
人工智能,14-2.pdf,人工智能/14-2.pdf
人工智能,14-2-2.pdf,人工智能/14-2-2.pdf
人工智能,5-5-2.pdf,人工智能/5-5-2.pdf
人工智能,3-9-2.pdf,人工智能/3-9-2.pdf
人工智能,4-2-2.pdf,人工智能/4-2-2.pdf
人工智能,5-2-2.pdf,人工智能/5-2-2.pdf
人工智能,6-4-2.pdf,人工智能/6-4-2.pdf
人工智能,2-8-2.pdf,人工智能/2-8-2.pdf
人工智能,3-3-2.pdf,人工智能/3-3-2.pdf
液化,11-2.pdf,液化/11-2.pdf
液化,8-2.pdf,液化/8-2.pdf
液化,3-7.pdf,液化/3-7.pdf
液化,17-2.pdf,液化/17-2.pdf
液化,3-4-2.pdf,液化/3-4-2.pdf
液化,13-3.pdf,液化/13-3.pdf
液化,9-3.pdf,液化/9-3.pdf
综述,2-2-2.pdf,综述/2-2-2.pdf
离散元,11-2-2.pdf,离散元/11-2-2.pdf
离散元,17-2-2.pdf,离散元/17-2-2.pdf
离散元,12-2.pdf,离散元/12-2.pdf
离散元,5-3-2.pdf,离散元/5-3-2.pdf
离散元,12-2-2.pdf,离散元/12-2-2.pdf
其他,4-5.pdf,其他/4-5.pdf
其他,10-2-2.pdf,其他/10-2-2.pdf
其他,3-2-2.pdf,其他/3-2-2.pdf
其他,6-3.pdf,其他/6-3.pdf
其他,2-3-2.pdf,其他/2-3-2.pdf
其他,2-7-2.pdf,其他/2-7-2.pdf
其他,16-2.pdf,其他/16-2.pdf
其他,4-3-2.pdf,其他/4-3-2.pdf
其他,6-2-2.pdf,其他/6-2-2.pdf
其他,5-2.pdf,其他/5-2.pdf
其他,3-7-2.pdf,其他/3-7-2.pdf
其他,15-2-2.pdf,其他/15-2-2.pdf
其他,2-6-2.pdf,其他/2-6-2.pdf
其他,2-10-2.pdf,其他/2-10-2.pdf
其他,5-4-2.pdf,其他/5-4-2.pdf
其他,9-2-2.pdf,其他/9-2-2.pdf
其他,7-3-2.pdf,其他/7-3-2.pdf
其他,3-8-2.pdf,其他/3-8-2.pdf
其他,16-2-2.pdf,其他/16-2-2.pdf
其他,3-5-2.pdf,其他/3-5-2.pdf
其他,7-2-2.pdf,其他/7-2-2.pdf
其他,8-2-2.pdf,其他/8-2-2.pdf
黏土与流变,2-5-2.pdf,黏土与流变/2-5-2.pdf
黏土与流变,4-4-2.pdf,黏土与流变/4-4-2.pdf
